{
  "$schema": "https://developer.microsoft.com/json-schemas/spfx/client-side-web-part-manifest.schema.json",
  "id": "d85de3fe-894d-41e9-8b68-63168cec4c86",
  "alias": "BitTodosItensWebPart",
  "componentType": "WebPart",

  
  "version": "*",
  "manifestVersion": 2,

  
  "requiresCustomScript": false,
  "supportedHosts": ["SharePointWebPart", "TeamsPersonalApp", "TeamsTab", "SharePointFullPage"],
  "supportsThemeVariants": true,

  "preconfiguredEntries": [{
    "groupId": "5c03119e-3074-46fd-976b-c60198311f70", 
    "group": { "default": "Other" },
    "title": { "default": "BIT - Todos Itens" },
    "description": { "default": "BIT - Todos Itens" },
    "officeFabricIconFontName": "Page",
    "properties": {
      "listName": ""
    }
  }]
}
